{
  "_id": "d4a18f00-72de-49e0-9226-ddb54eb6fe20",
  "key": "ai-analysis-to-advisor",
  "name": "AI Analysis to Advisor",
  "_maintainerId": "6090533355e7150c1d666a5a",
  "_creationDate": 1718374029555,
  "environmentKey": "production",
  "_links": {
    "parent": {
      "href": "/api/v2/projects/platform-demo/environments/production",
      "type": "application/json"
    },
    "self": {
      "href": "/api/v2/projects/platform-demo/environments/production/experiments/ai-analysis-to-advisor",
      "type": "application/json"
    }
  },
  "currentIteration": {
    "_id": "cf5d2510-8b4f-498c-b8a2-7ef543da800a",
    "hypothesis": "We believe that by using more up to date AI models, we will increase customer conversions to contact their advisor.",
    "status": "running",
    "createdAt": 1718630899291,
    "startedAt": 1718630899756,
    "canReshuffleTraffic": true,
    "flags": {
      "config-ai-model": {
        "targetingRule": "fallthrough",
        "flagConfigVersion": 4,
        "_links": {
          "self": {
            "href": "/api/v2/flags/platform-demo/config-ai-model?env=production",
            "type": "application/json"
          }
        }
      }
    },
    "primaryMetric": {
      "key": "ai-to-advisor-conversion",
      "_versionId": "94578009-850e-4de9-9884-a8c49265f2e4",
      "name": "AI to Advisor Conversion",
      "kind": "funnel",
      "_links": {
        "parent": {
          "href": "/api/v2/projects/platform-demo",
          "type": "application/json"
        },
        "self": {
          "href": "/api/v2/projects/platform-demo/metric-groups/ai-to-advisor-conversion",
          "type": "application/json"
        }
      },
      "isGroup": true,
      "metrics": [
        {
          "key": "ai-analyze-clicked",
          "_versionId": "dc8cf294-bf93-4597-8a22-bfc47e55ffc1",
          "name": "AI Analyze Clicked",
          "kind": "custom",
          "isNumeric": false,
          "_links": {
            "parent": {
              "href": "/api/v2/metrics/platform-demo",
              "type": "application/json"
            },
            "self": {
              "href": "/api/v2/metrics/platform-demo/ai-analyze-clicked",
              "type": "application/json"
            }
          },
          "nameInGroup": "Step 1"
        },
        {
          "key": "financial-advisor-contacted",
          "_versionId": "1aae760b-074f-4dae-bd1f-a0d357ac5390",
          "name": "Financial Advisor Contacted",
          "kind": "custom",
          "isNumeric": false,
          "_links": {
            "parent": {
              "href": "/api/v2/metrics/platform-demo",
              "type": "application/json"
            },
            "self": {
              "href": "/api/v2/metrics/platform-demo/financial-advisor-contacted",
              "type": "application/json"
            }
          },
          "nameInGroup": "Step 2"
        }
      ]
    },
    "primaryFunnel": {
      "key": "ai-to-advisor-conversion",
      "name": "AI to Advisor Conversion",
      "kind": "funnel",
      "_links": {
        "parent": {
          "href": "/api/v2/projects/platform-demo",
          "type": "application/json"
        },
        "self": {
          "href": "/api/v2/projects/platform-demo/metric-groups/ai-to-advisor-conversion",
          "type": "application/json"
        }
      },
      "metrics": [
        {
          "key": "ai-analyze-clicked",
          "_versionId": "dc8cf294-bf93-4597-8a22-bfc47e55ffc1",
          "name": "AI Analyze Clicked",
          "kind": "custom",
          "isNumeric": false,
          "_links": {
            "parent": {
              "href": "/api/v2/metrics/platform-demo",
              "type": "application/json"
            },
            "self": {
              "href": "/api/v2/metrics/platform-demo/ai-analyze-clicked",
              "type": "application/json"
            }
          },
          "nameInGroup": "Step 1"
        },
        {
          "key": "financial-advisor-contacted",
          "_versionId": "1aae760b-074f-4dae-bd1f-a0d357ac5390",
          "name": "Financial Advisor Contacted",
          "kind": "custom",
          "isNumeric": false,
          "_links": {
            "parent": {
              "href": "/api/v2/metrics/platform-demo",
              "type": "application/json"
            },
            "self": {
              "href": "/api/v2/metrics/platform-demo/financial-advisor-contacted",
              "type": "application/json"
            }
          },
          "nameInGroup": "Step 2"
        }
      ]
    },
    "randomizationUnit": "user",
    "attributes": [
      "plan",
      "beta",
      "metro",
      "net_worth"
    ]
  }
}
