{
  "createdAt": "2024-06-28T15:25:06.515104Z",
  "description": "Standard pipeline to roll out to production",
  "key": "default-releases",
  "name": "Default Releases",
  "phases": [
    {
      "id": "bcf664cc-89bd-4a8c-8188-547e5f34b930",
      "audiences": [
        {
          "environment": {
            "_links": {
              "self": {
                "href": "/api/v2/projects/cxld-rust-kern/environments/test",
                "type": "application/json"
              },
              "site": {
                "href": "/cxld-rust-kern/test/features",
                "type": "text/html"
              }
            },
            "key": "test",
            "name": "Test",
            "color": "F5A623"
          },
          "name": "everyone",
          "configuration": {
            "releaseStrategy": "immediate-rollout",
            "requireApproval": false
          }
        }
      ],
      "name": "Testing Phase",
      "configuration": {}
    },
    {
      "id": "b138cc27-6687-4c44-b064-389f9c64eb78",
      "audiences": [
        {
          "environment": {
            "_links": {
              "self": {
                "href": "/api/v2/projects/cxld-rust-kern/environments/production",
                "type": "application/json"
              },
              "site": {
                "href": "/cxld-rust-kern/production/features",
                "type": "text/html"
              }
            },
            "key": "production",
            "name": "Production",
            "color": "417505"
          },
          "name": "everyone",
          "configuration": {
            "releaseStrategy": "monitored-release",
            "requireApproval": false,
            "releaseGuardianConfiguration": {
              "monitoringWindowMilliseconds": 3600000,
              "rolloutWeight": 50,
              "rollbackOnRegression": true,
              "randomizationUnit": ""
            }
          }
        }
      ],
      "name": "Guarded Releases",
      "configuration": {}
    },
    {
      "id": "dc04daaa-b30b-47f7-bd27-bfa4f7a668e5",
      "audiences": [
        {
          "environment": {
            "_links": {
              "self": {
                "href": "/api/v2/projects/cxld-rust-kern/environments/production",
                "type": "application/json"
              },
              "site": {
                "href": "/cxld-rust-kern/production/features",
                "type": "text/html"
              }
            },
            "key": "production",
            "name": "Production",
            "color": "417505"
          },
          "name": "everyone",
          "configuration": {
            "releaseStrategy": "immediate-rollout",
            "requireApproval": false
          }
        }
      ],
      "name": "GA",
      "configuration": {}
    }
  ],
  "tags": [],
  "_version": 0,
  "isProjectDefault": true,
  "_isLegacy": false
}
