{
  "activeCount": 8,
  "completedCount": 2,
  "items": [
    {
      "_createdAt": 1718371528353,
      "flagKey": "release-advisor-insights",
      "activePhaseId": "7ffd12da-3ff9-4057-ba6a-11938ffffe1f",
      "_links": {
        "parent": {
          "href": "/api/v2/projects/platform-demo/release-pipelines/default-releases",
          "type": "application/json"
        },
        "self": {
          "href": "/api/v2/projects/platform-demo/release-pipelines/default-releases",
          "type": "application/json"
        }
      }
    },
    {
      "_createdAt": 1718371109051,
      "flagKey": "release-ai-assistant",
      "activePhaseId": "1cd7e774-3e31-438b-a737-6457076f7e0a",
      "_links": {
        "parent": {
          "href": "/api/v2/projects/platform-demo/release-pipelines/default-releases",
          "type": "application/json"
        },
        "self": {
          "href": "/api/v2/projects/platform-demo/release-pipelines/default-releases",
          "type": "application/json"
        }
      }
    },
    {
      "_createdAt": 1718371532468,
      "_completedAt": 1718722011786,
      "flagKey": "release-api-rate-limit",
      "_links": {
        "parent": {
          "href": "/api/v2/projects/platform-demo/release-pipelines/default-releases",
          "type": "application/json"
        },
        "self": {
          "href": "/api/v2/projects/platform-demo/release-pipelines/default-releases",
          "type": "application/json"
        }
      }
    },
    {
      "_createdAt": 1718371528658,
      "flagKey": "release-broker-dashboard",
      "activePhaseId": "7ffd12da-3ff9-4057-ba6a-11938ffffe1f",
      "_links": {
        "parent": {
          "href": "/api/v2/projects/platform-demo/release-pipelines/default-releases",
          "type": "application/json"
        },
        "self": {
          "href": "/api/v2/projects/platform-demo/release-pipelines/default-releases",
          "type": "application/json"
        }
      }
    },
    {
      "_createdAt": 1718371535287,
      "_completedAt": 1718722021129,
      "flagKey": "release-currency-exchange",
      "_links": {
        "parent": {
          "href": "/api/v2/projects/platform-demo/release-pipelines/default-releases",
          "type": "application/json"
        },
        "self": {
          "href": "/api/v2/projects/platform-demo/release-pipelines/default-releases",
          "type": "application/json"
        }
      }
    },
    {
      "_createdAt": 1718371530777,
      "flagKey": "release-ddos-protection",
      "activePhaseId": "53339c1f-65fb-40cc-90a8-1f87fca7b23d",
      "_links": {
        "parent": {
          "href": "/api/v2/projects/platform-demo/release-pipelines/default-releases",
          "type": "application/json"
        },
        "self": {
          "href": "/api/v2/projects/platform-demo/release-pipelines/default-releases",
          "type": "application/json"
        }
      }
    },
    {
      "_createdAt": 1718371531490,
      "flagKey": "release-debug-logging",
      "activePhaseId": "7ffd12da-3ff9-4057-ba6a-11938ffffe1f",
      "_links": {
        "parent": {
          "href": "/api/v2/projects/platform-demo/release-pipelines/default-releases",
          "type": "application/json"
        },
        "self": {
          "href": "/api/v2/projects/platform-demo/release-pipelines/default-releases",
          "type": "application/json"
        }
      }
    },
    {
      "_createdAt": 1718371529858,
      "flagKey": "release-force-update",
      "activePhaseId": "53339c1f-65fb-40cc-90a8-1f87fca7b23d",
      "_links": {
        "parent": {
          "href": "/api/v2/projects/platform-demo/release-pipelines/default-releases",
          "type": "application/json"
        },
        "self": {
          "href": "/api/v2/projects/platform-demo/release-pipelines/default-releases",
          "type": "application/json"
        }
      }
    },
    {
      "_createdAt": 1718371534308,
      "flagKey": "release-profile-ui",
      "activePhaseId": "7ffd12da-3ff9-4057-ba6a-11938ffffe1f",
      "_links": {
        "parent": {
          "href": "/api/v2/projects/platform-demo/release-pipelines/default-releases",
          "type": "application/json"
        },
        "self": {
          "href": "/api/v2/projects/platform-demo/release-pipelines/default-releases",
          "type": "application/json"
        }
      }
    },
    {
      "_createdAt": 1718371533339,
      "flagKey": "release-updated-charting-algorithm",
      "activePhaseId": "1cd7e774-3e31-438b-a737-6457076f7e0a",
      "_links": {
        "parent": {
          "href": "/api/v2/projects/platform-demo/release-pipelines/default-releases",
          "type": "application/json"
        },
        "self": {
          "href": "/api/v2/projects/platform-demo/release-pipelines/default-releases",
          "type": "application/json"
        }
      }
    }
  ],
  "phases": [
    {
      "_id": "1cd7e774-3e31-438b-a737-6457076f7e0a",
      "name": "Testing phase",
      "releaseCount": 2
    },
    {
      "_id": "53339c1f-65fb-40cc-90a8-1f87fca7b23d",
      "name": "Guarded Releases",
      "releaseCount": 2
    },
    {
      "_id": "7ffd12da-3ff9-4057-ba6a-11938ffffe1f",
      "name": "GA",
      "releaseCount": 4
    }
  ],
  "totalCount": 10,
  "_links": {
    "parent": {
      "href": "/api/v2/projects/platform-demo/release-pipelines/default-releases",
      "type": "application/json"
    },
    "self": {
      "href": "/api/v2/projects/platform-demo/release-pipelines/default-releases/releases?limit=20",
      "type": "application/json"
    }
  }
}
